category,text
tech,New app ChatterAI trends among users
sports,Real Madrid winds the championship after budget announcement
politics,Leader David kim addresses nation on education reforms
entertainment,streaming platform releases The last Dance
entertainment,Director Samantha Lee plans sequel to Space Rush
tech,Tech conference showcases robotics
tech,hackers breach Banking App data
business,Economy shows steady growth in Q1
entertainment,Director Ravi Verma plans sequel to legacy
business,Campany Samantha Lee announces IPO plays
tech,Tech conference showcases sustainable tech
tech,New app MindZone trends among users
sports,Injury sidelines LeBron James for entire season.
business,New policy to impact automobile sector
tech,New app chatterAI trends among users
tech,Tech conference showcases self-driving cars
history,"The Eiffel Tower was completed in 1889 and stands in Paris, France."
science,"Photosynthesis allows plants to convert sunlight into energy."
science,"Albert Einstein developed the theory of relativity."
biology,"The mitochondrion is often called the powerhouse of the cell."
literature,"Shakespeare wrote many famous plays, including Hamlet and Macbeth."
physics,"Water boils at 100°C under standard atmospheric pressure."
history,"The Great Wall of China was built to protect against invasions."
food science,"Honey never spoils due to its low moisture content and acidity."
physics,"The speed of light in a vacuum is approximately 299,792 km/s."
physics,"Newton’s laws describe the motion of objects."
biology,"The human brain has approximately 86 billion neurons."
geography,"The Amazon Rainforest is one of the most biodiverse places on Earth."
astronomy,"Black holes have gravitational fields so strong that not even light can escape."
chemistry,"The periodic table organizes elements based on their atomic number."
art,"Leonardo da Vinci painted the Mona Lisa."
technology,"The internet revolutionized communication and information sharing."
history,"The Pyramids of Giza are among the Seven Wonders of the Ancient World."
biology,"Dogs have an incredible sense of smell, much stronger than humans."
geography,"The Pacific Ocean is the largest and deepest ocean on Earth."
games,"Chess is a strategic game that originated in India."
history,"The Statue of Liberty was a gift from France to the United States."
food science,"Coffee contains caffeine, a natural stimulant."
inventions,"Thomas Edison invented the practical electric light bulb."
astronomy,"The moon influences ocean tides due to gravitational pull."
biology,"DNA carries genetic information for all living organisms."
history,"Rome was once the center of a vast empire."
inventions,"The Wright brothers pioneered human flight in 1903."
nutrition,"Bananas are a good source of potassium."
economics,"The stock market fluctuates based on supply and demand."
navigation,"A compass needle points toward the magnetic north pole."
astronomy,"The universe is expanding, according to the Big Bang theory."
biology,"Elephants have excellent memory and strong social bonds."
music,"The violin is a string instrument commonly used in orchestras."
biology,"The heart pumps blood throughout the human body."
food science,"Ice cream melts when exposed to heat."
technology,"Solar panels convert sunlight into electricity."
history,"The French Revolution began in 1789."
history,"The French Revolution began in 1789."
history,"The Taj Mahal is a mausoleum built by Emperor Shah Jahan."
physics,"Rainbows are caused by light refracting through water droplets."
geography,"Mount Everest is the tallest mountain in the world."
biology,"Octopuses are highly intelligent marine creatures."
physics,"The speed of sound is around 343 meters per second in air."
astronomy,"Gravity keeps planets in orbit around the sun."
nutrition,"The Mediterranean diet is considered one of the healthiest in the world."
literature,"A haiku is a traditional Japanese poem with a 5-7-5 syllable structure."
biology,"The human body is made up of about 60% water."
history,"The Industrial Revolution transformed manufacturing and transportation."
art,"Vincent van Gogh painted Starry Night."
physics,"Airplanes fly due to the principles of lift and aerodynamics."
energy,"Renewable energy sources include wind, solar, and hydroelectric power."